,ID tienda ,Nombre Tienda,Formato Tienda,Municipio,Estado,Calle y Número,Colonia,CP,Coordenadas,Latitud,Longitud
1,2,SAN ISIDRO,HÍPER,SALTILLO,COAHUILA DE ZARAGOZA,B. VENUSTIANO CARRANZA 4826,DOCTORES,25250.0,"25.4662,-100.9787",25.4662,-100.9787
3,4,ORIENTE,HÍPER,TORREÓN,COAHUILA DE ZARAGOZA,BLVD. TORREON-MATAMOROS 5000,FRACC. LA MERCED,27270.0,"25.5338,-103.3947",25.5338,-103.3947
5,6,TECNOLOGICO,HÍPER,CHIHUAHUA,CHIHUAHUA,AV. TECNOLOGICO 6902,FRACC.  SANTA BARBARA,31150.0,"28.6788,-106.1028",28.6788,-106.1028
10,11,FRANCISCO COSS,HÍPER,SALTILLO,COAHUILA DE ZARAGOZA,BLVD. FRANCISCO COSS SN,CENTRO,25000.0,"25.4358,-101.0031",25.4358,-101.0031
12,13,MONCLOVA,HÍPER,MONCLOVA,COAHUILA DE ZARAGOZA,HUEMAC SN,ANAHUAC,25750.0,"26.9001,-101.4396",26.9001,-101.4396
14,15,LOPEZ MATEOS,HÍPER,JUÁREZ,CHIHUAHUA,PERIM. CARLOS AMAYA 2125,PARTIDO IGLESIAS,32380.0,"31.7123,-106.4537",31.7123,-106.4537
16,17,MATAMOROS,HÍPER,MATAMOROS,TAMAULIPAS,AV. PEDRO CARDENAS GTZ 1900,VICTORIA,87390.0,"25.8512,-97.5037",25.8512,-97.5037
17,18,HIDALGO,HÍPER,REYNOSA,TAMAULIPAS,BLVD. HIDALGO KM 101 SN,FRACC. LAS FUENTES,88710.0,"26.0720,-98.3222",26.072,-98.3222
18,19,REFORMA,HÍPER,NUEVO LAREDO,TAMAULIPAS,BLVD. REFORMA SN,CAMPESTRE,88278.0,"27.4570,-99.5135",27.457,-99.5135
20,21,PIEDRAS NEGRAS,HÍPER,PIEDRAS NEGRAS,COAHUILA DE ZARAGOZA,CARRETERA 57 203,VENUSTIANO CARRANZA,26070.0,"28.6855,-100.5458",28.6855,-100.5458
24,25,INDEPENDENCIA,HÍPER,TORREÓN,COAHUILA DE ZARAGOZA,INDEPENDENCIA  OTE 1100,CENTRO,27000.0,"25.5562,-103.4365",25.5562,-103.4365
25,26,SAN LORENZO,HÍPER,JUÁREZ,CHIHUAHUA,P. TRIUNFO DE LA REP. 5298,SAN LORENZO,32320.0,"31.7358,-106.4270",31.7358,-106.427
28,29,HENEQUEN,HÍPER,JUÁREZ,CHIHUAHUA,AV. DE LAS TORRES 6975,LAS DUNAS,32650.0,"31.6492,-106.3906",31.6492,-106.3906
30,31,DEL RIO,HÍPER,REYNOSA,TAMAULIPAS,BLVD. MORELOS 136,ANTONIO J. BERMUDEZ,88727.0,"26.0574,-98.2913",26.0574,-98.2913
32,33,COLON,HÍPER,TORREÓN,COAHUILA DE ZARAGOZA,CALZ. COLON SUR 400,CENTRO,27000.0,"25.5371,-103.4498",25.5371,-103.4498
33,34,CENTRO,HÍPER,TORREÓN,COAHUILA DE ZARAGOZA,AV. HIDALGO PTE 1550,CENTRO,27000.0,"25.5371,-103.4652",25.5371,-103.4652
34,35,20 DE NOVIEMBRE,HÍPER,DURANGO,DURANGO,AV. 20 DE NOVIEMBRE OTE. 209,CENTRO,34000.0,"24.0267,-104.6633",24.0267,-104.6633
35,36,NIÑOS HEROES,HÍPER,CHIHUAHUA,CHIHUAHUA,NIÑOS HEROES 1,CENTRO,31000.0,"28.6385,-106.0789",28.6385,-106.0789
36,37,GÓMEZ PALACIO,HÍPER,GÓMEZ PALACIO,DURANGO,AV. VICTORIA SN,CENTRO,35000.0,"25.5618,-103.4952",25.5618,-103.4952
37,38,UNIVERSIDAD,HÍPER,CHIHUAHUA,CHIHUAHUA,AV. UNIVERSIDAD 3500,FRACC. UNIVERSIDAD,31170.0,"28.6608,-106.0945",28.6608,-106.0945
38,39,SANDERS,HÍPER,JUÁREZ,CHIHUAHUA,CALZ. EDUARDO SANDERS SN,BARREAL,32040.0,"31.7230,-106.4716",31.723,-106.4716
40,41,FUNDADORES,HÍPER,TORREÓN,COAHUILA DE ZARAGOZA,BLVD. REVOLUCION OTE. SN,CENTRO,27000.0,"25.5330,-103.4067",25.533,-103.4067
41,42,PLAZA JUAREZ,HÍPER,JUÁREZ,CHIHUAHUA,AV. TECNOLOGICO 2701,EL MARQUEZ,32610.0,"31.7047,-106.4299",31.7047,-106.4299
42,43,CONSTITUCION,HÍPER,TORREÓN,COAHUILA DE ZARAGOZA,BLVD. CONSTITUCION 1111,MARGARITAS,27130.0,"25.5651,-103.4415",25.5651,-103.4415
43,44,ZACATECAS,HÍPER,ZACATECAS,ZACATECAS,BLVD. LOPEZ PORTILLO 1,FOVISSSTE,98064.0,"22.7615,-102.5477",22.7615,-102.5477
44,45,MADERO,HÍPER,DURANGO,DURANGO,AV. DOMINGO ARRIETA SN,DOMINGO ARRIETA,34180.0,"24.0087,-104.6640",24.0087,-104.664
45,46,DELICIAS,HÍPER,DELICIAS,CHIHUAHUA,CALZ. GOMEZ MORIN SN,CENTRO,33000.0,"28.1897,-105.4596",28.1897,-105.4596
46,47,LAS FUENTES,HÍPER,TORREÓN,COAHUILA DE ZARAGOZA,CALLE DEL ARCANGEL 20,LA FUENTE,27290.0,"25.5149,-103.4159",25.5149,-103.4159
47,48,JARDINES,HÍPER,DURANGO,DURANGO,MAGNOLIA 100,FRACC. JARDINES DE DURANGO,34200.0,"24.0441,-104.6306",24.0441,-104.6306
48,49,LAS ROSAS,HÍPER,GÓMEZ PALACIO,DURANGO,BLVD. MIGUEL ALEMAN 1495,LAS ROSAS,35090.0,"25.5540,-103.5057",25.554,-103.5057
50,51,LAS PALMAS,HÍPER,VICTORIA,TAMAULIPAS,J. B. TIJERINA NTE 2033,FRACC. LAS PALMAS,87140.0,"23.7494,-99.1408",23.7494,-99.1408
51,52,PAPE,HÍPER,MONCLOVA,COAHUILA DE ZARAGOZA,BLVD. HAROLD R. PAPE 1202,LA LOMA,25770.0,"26.8892,-101.4233",26.8892,-101.4233
54,55,MIRADOR,HÍPER,CHIHUAHUA,CHIHUAHUA,INDIANA 3300,RESIDENCIAL CAMPESTRE,31238.0,"28.6407,-106.1029",28.6407,-106.1029
55,56,EJERCITO,HÍPER,TAMPICO,TAMAULIPAS,AV. EJERCITO MEXICANO 1101,TAMPICO,89137.0,"22.2527,-97.8612",22.2527,-97.8612
57,58,LAURO VILLAR,HÍPER,MATAMOROS,TAMAULIPAS,AV. LAURO VILLAR 1203,LAS ARBOLEDAS,87448.0,"25.8644,-97.4776",25.8644,-97.4776
59,60,FRESNILLO,HÍPER,FRESNILLO,ZACATECAS,PLATEROS 429,BARRIO ALTO,99070.0,"23.1848,-102.8627",23.1848,-102.8627
63,64,CARRIZO,HÍPER,NUEVO LAREDO,TAMAULIPAS,BELDEN 7435,BUENA VISTA,88120.0,"27.4965,-99.5511",27.4965,-99.5511
64,65,LOURDES,HÍPER,SALTILLO,COAHUILA DE ZARAGOZA,PERIFERICO LUIS ECHEVERRIA 999,LOURDES,25070.0,"25.3910,-101.0035",25.391,-101.0035
66,67,MANTE,HÍPER,EL MANTE,TAMAULIPAS,VICENTE GUERRERO OTE 900,VILLA JUAREZ,89860.0,"22.7421,-98.9616",22.7421,-98.9616
67,68,ACUÑA,HÍPER,ACUÑA,COAHUILA DE ZARAGOZA,JOSE DE LAS FUENTES R 595,FRACC. LA AMISTAD,26248.0,"29.3222,-100.9575",29.3222,-100.9575
68,69,EL PASEO,HÍPER,SAN LUIS POTOSÍ,SAN LUIS POTOSÍ,SALVADOR NAVA 405,FRACC. CENTRAL,78399.0,"22.1409,-100.9543",22.1409,-100.9543
69,70,PORVENIR,HÍPER,JUÁREZ,CHIHUAHUA,MANUEL J. CLOUTHIER 450,FRACC. RIO GRANDE,32574.0,"31.6579,-106.3599",31.6579,-106.3599
70,71,RÍO BRAVO,HÍPER,RÍO BRAVO,TAMAULIPAS,AV. FCO I MADERO PTE 1160,FRACC. RIO BRAVO,88950.0,"25.9888,-98.1109",25.9888,-98.1109
74,75,TAMATAN,HÍPER,VICTORIA,TAMAULIPAS,LUIS CABALLERO PTE 250,FRACC. ZOZAYA,87070.0,"23.7228,-99.1597",23.7228,-99.1597
75,76,AEROPUERTO,HÍPER,TAMPICO,TAMAULIPAS,CARRETERA TAMPICO-MANTE 6905,FRANCISCO JAVIER MINA,89318.0,"22.2988,-97.8761",22.2988,-97.8761
76,77,FUENTES MARES,HÍPER,CHIHUAHUA,CHIHUAHUA,JOSE FUENTES MARES 300,SANTA ROSA 10° SECTOR,31050.0,"28.6212,-106.0494",28.6212,-106.0494
81,82,ZAPATA,HÍPER,CULIACÁN,SINALOA,EMILIANO ZAPATA OTE 2151,EL VALLADO,80110.0,"24.7898,-107.4236",24.7898,-107.4236
84,85,ZARAGOZA,HÍPER,JUÁREZ,CHIHUAHUA,BLVD. OSCAR FLORES SUR 6751,NUEVO HIPODROMO,32674.0,"31.6570,-106.4444",31.657,-106.4444
88,89,SAN FRANCISCO,HÍPER,CHIHUAHUA,CHIHUAHUA,PERIFERICO DE LA JUVENTUD 6300,EL SAUCITO,31165.0,"28.6670,-106.1280",28.667,-106.128
89,90,IGLESIAS,HÍPER,JUÁREZ,CHIHUAHUA,AV. EJERCITO NACIONAL 5230,BENITO JUAREZ,32390.0,"31.7118,-106.4438",31.7118,-106.4438
90,91,BACHOCO,HÍPER,HERMOSILLO,SONORA,BLVD. MORELOS 432,BACHOCO,83148.0,"29.1241,-110.9521",29.1241,-110.9521
92,93,HAMBURGO,HÍPER,GÓMEZ PALACIO,DURANGO,PERIF. TORREON-GOMEZ KM 6,FRACC. HAMBURGO,35010.0,"25.5942,-103.5036",25.5942,-103.5036
93,94,LA RIBEREÑA,HÍPER,REYNOSA,TAMAULIPAS,JOSE ZERTUCHE 1100,FRACC. COUNTRY,88620.0,"26.0880,-98.3016",26.088,-98.3016
94,95,MAZATLÁN,HÍPER,MAZATLÁN,SINALOA,AV. INSURGENTES 1198,VILLA DEL ESTEREO,82156.0,"23.2373,-106.4210",23.2373,-106.421
96,97,JUVENTUD,HÍPER,CHIHUAHUA,CHIHUAHUA,AV. DE LA JUVENTUD 401,PASEOS DE CHIHUAHUA,31106.0,"28.7050,-106.1293",28.705,-106.1293
97,98,ENCINAS,HÍPER,HERMOSILLO,SONORA,JESUS GARCIA MORALES 2,EL LLANO,83210.0,"29.0929,-110.9936",29.0929,-110.9936
98,99,BELLA VISTA,HÍPER,CAJEME,SONORA,BLVD. R ELIAS CALLES PTE 1740,PARIS,85130.0,"27.4846,-109.9592",27.4846,-109.9592
106,108,MOCHIS,HÍPER,AHOME,SINALOA,AV. INDEPENDENCIA PTE 1949,RUBEN JARAMILLO,81230.0,"25.8004,-109.0152",25.8004,-109.0152
107,109,LAGUNETA,HÍPER,MATAMOROS,TAMAULIPAS,PROLONGACIÓN GONZALEZ 2035,PARQUE INDUSTRIAL,87479.0,"25.8790,-97.5219",25.879,-97.5219
110,112,PROGRESO,HÍPER,HERMOSILLO,SONORA,BLVD. PROGRESO 663,SOLIDARIDAD,83116.0,"29.1455,-110.9953",29.1455,-110.9953
113,115,TRIANA,HÍPER,TORREÓN,COAHUILA DE ZARAGOZA,BLVD. RODRIGUEZ TRIANA SN,LAS MISIONES,27276.0,"25.5132,-103.3956",25.5132,-103.3956
115,117,LA PAZ BC,HÍPER,LA PAZ,BAJA CALIFORNIA SUR,CALZ. FORJADORES DE SUDCALIFORNIA 4390,EX-BASE AEREA,23050.0,"24.1252,-110.3131",24.1252,-110.3131
119,121,ECHEVERRIA,HÍPER,SALTILLO,COAHUILA DE ZARAGOZA,PERIFERICO LUIS ECHEVERRIA 6301,SAN RAMON,25020.0,"25.4170,-100.9717",25.417,-100.9717
122,124,NAVOJOA,MERCADO,NAVOJOA,SONORA,PROLONGACIÓN PESQUEIRA SUR 2105,JUAREZ,85870.0,"27.0611,-109.4406",27.0611,-109.4406
123,125,BARRANCOS,HÍPER,CULIACÁN,SINALOA,BLVD. BENJAMIN HILL SUR 5720,INFONAVIT BARRANCOS,80190.0,"24.7470,-107.4261",24.747,-107.4261
125,127,LOS CABOS,HÍPER,LOS CABOS,BAJA CALIFORNIA SUR,CARRETERA A TODOS LOS SANTOS SN,BRISAS DEL PACIFICO,23410.0,"22.9043,-109.9319",22.9043,-109.9319
127,129,SANTA ROSA,HÍPER,MAZATLÁN,SINALOA,AV. LUIS DONALDO COLOSIO M. 17301,FRACC. VALLE DORADO,82165.0,"23.2588,-106.4060",23.2588,-106.406
128,130,GUAYMAS,MERCADO,GUAYMAS,SONORA,BLVD. BENITO JUAREZ 910,AMPLIACION GUADALUPE,85440.0,"27.9198,-110.9129",27.9198,-110.9129
129,131,SENDERO LAS TORRES,HÍPER,JUÁREZ,CHIHUAHUA,AV. DE LAS TORRES 2111,FRACC. TORRE SOL,32574.0,"31.6238,-106.3962",31.6238,-106.3962
137,139,LA PAZ,MERCADO,SAN LUIS POTOSÍ,SAN LUIS POTOSÍ,AV. DE LA PAZ 220,BARRIO DE SANTIAGO,78038.0,"22.1669,-100.9767",22.1669,-100.9767
138,140,NOGALES,HÍPER,NOGALES,SONORA,BLVD. LUIS DONALDO COLOSIO MURRIETA 2700,UNIDAD DEPORTIVA,84065.0,"31.2904,-110.9461",31.2904,-110.9461
139,141,CD. VALLES,MERCADO,CIUDAD VALLES,SAN LUIS POTOSÍ,CARRETERA MEXICO - LAREDO 2200,FRACC. LOMAS DE YUEJAT,79099.0,"21.9671,-99.0000",21.9671,-99.0
140,142,PARRAL,MERCADO,HIDALGO DEL PARRAL,CHIHUAHUA,AV. NIÑOS HEROES KM 1015,CARRETERA A SANTA BARBARA,33884.0,"26.9345,-105.6900",26.9345,-105.69
144,146,SAN JOSÉ DEL CABO,HÍPER,LOS CABOS,BAJA CALIFORNIA SUR,CARRETERA TRANSPENINSULAR KM 34.5 ,GUAYMITAS,23407.0,"23.0767,-109.7043",23.0767,-109.7043
145,147,SENDERO PERIFERICO,HÍPER,REYNOSA,TAMAULIPAS,CARRETERA REYNOSA-MONTERREY 1000,JARACHINA,88720.0,"26.0543,-98.3653",26.0543,-98.3653
149,151,MATEHUALA,MERCADO,MATEHUALA ,SAN LUIS POTOSÍ,MARIANO MATAMOROS 515,CENTRO,78700.0,"23.6531,-100.6362",23.6531,-100.6362
152,154,LIBRAMIENTO C.J.,HÍPER,JUÁREZ,CHIHUAHUA,BLVD. INDEPENDENCIA OTE. 1510,ZARAGOZA,32599.0,"31.6249,-106.3531",31.6249,-106.3531
154,156,NUEVA ROSITA,MERCADO,SAN JUAN DE SABINAS,COAHUILA DE ZARAGOZA,BLVD. LIC. LOPEZ MATEOS 2000,INDEPENDENCIA,26830.0,"27.9366,-101.2044",27.9366,-101.2044
156,158,CUAHUTEMOC,MERCADO,CUAUHTÉMOC,CHIHUAHUA,BLVD. FERNANDO BAEZA 2835,BARRIO LERDO,31520.0,"28.3982,-106.8778",28.3982,-106.8778
157,159,ALTAMIRA,MERCADO,ALTAMIRA,TAMAULIPAS,BLVD. AL PUERTO INDUSTRIAL PRIMEX 105,CENTRO,89600.0,"22.3961,-97.9322",22.3961,-97.9322
160,162,CHIHUAHUA 2000,HÍPER,CHIHUAHUA,CHIHUAHUA,AV. ARCOS DE LA ESTRELLA 17101,ARCOS,31137.0,"28.7382,-106.1329",28.7382,-106.1329
166,168,SENDERO SAN LUIS POTOSI,HÍPER,SAN LUIS POTOSÍ,SAN LUIS POTOSÍ,AV. BENITO JUAREZ 2005,ESTRELLA DE ORIENTE,78396.0,"22.1313,-100.9247",22.1313,-100.9247
174,176,SANTO TOMAS,MERCADO,MATAMOROS,COAHUILA DE ZARAGOZA,BLVD. MATAMOROS TORREO 2555,VALLE HERMOSO,27440.0,"25.5342,-103.2517",25.5342,-103.2517
179,181,AMPLIACIÓN,HÍPER,CIUDAD MADERO,TAMAULIPAS,AV. MONTERREY NTE. 700,UNIDAD NACIONAL AMPLIACION,89510.0,"22.2836,-97.8481",22.2836,-97.8481
180,182,RAMOS ARIZPE,MERCADO,RAMOS ARIZPE,COAHUILA DE ZARAGOZA,CARRETERA MONTERREY SALTILLO KM 1,CENTRO,25900.0,"25.5362,-100.9484",25.5362,-100.9484
181,183,SAN PEDRO DE LAS COLONIAS,MERCADO,SAN PEDRO,COAHUILA DE ZARAGOZA,AUTOPISTA SAN PEDRO TORREON 508,CENTRO,27800.0,"25.7584,-103.0018",25.7584,-103.0018
183,185,FRONTERA,HÍPER,FRONTERA,COAHUILA DE ZARAGOZA,BLVD. SAN BUENA 105,DIEZ DE MAYO,25668.0,"26.9370,-101.4404",26.937,-101.4404
185,187,LA CUESTA,HÍPER,JUÁREZ,CHIHUAHUA,AV. TECNOLOGICO 5311,LA CUESTA,32650.0,"31.6776,-106.4265",31.6776,-106.4265
188,190,CENTENARIO,HÍPER,GÓMEZ PALACIO,DURANGO,BLVD. MIGUEL ALEMAN OTE 117,EL CONSUELO,35000.0,"25.5497,-103.4808",25.5497,-103.4808
191,193,TANGAMANGA,HÍPER,SAN LUIS POTOSÍ,SAN LUIS POTOSÍ,AV. MANUEL J. CLOUTHIER 229,TANGAMANGA,78269.0,"22.1402,-101.0000",22.1402,-101.0
192,194,ROSALES,HÍPER,AHOME,SINALOA,BLVD. CENTENARIO PTE. 705,CENTRO,81200.0,"25.7801,-109.0042",25.7801,-109.0042
194,196,LA SIERRA,MERCADO,CHIHUAHUA,CHIHUAHUA,AV. SILVESTRE TERRAZAS 9001,RAMON REYES,31414.0,"28.6012,-106.1045",28.6012,-106.1045
200,204,TRES RIOS,HÍPER,CULIACÁN,SINALOA,BLVD. UNIVERSITARIOS PTE. 433,DESARROLLO URBANO TRES RIOS,80027.0,"24.8348,-107.3976",24.8348,-107.3976
202,206,SENDERO HERMOSILLO,HÍPER,HERMOSILLO,SONORA,PERIFERICO ORIENTE 1274,PERISUR,83290.0,"29.0349,-110.9386",29.0349,-110.9386
208,212,LANDIN,MERCADO,SALTILLO,COAHUILA DE ZARAGOZA,PERIFERICO LUIS ECHEVERRIA ALVARES 2935,LANDIN,25070.0,"25.4030,-101.0271",25.403,-101.0271
213,217,ABASTOS,HÍPER,CULIACÁN,SINALOA,AV. PATRIA SUR 3140,LAZARO CARDENAS,80290.0,"24.7694,-107.3709",24.7694,-107.3709
214,218,RIO SONORA,HÍPER,HERMOSILLO,SONORA,BLVD. PASEO RIO SONORA NORTE 128,PROYECTO RIO SONORA,83270.0,"29.0697,-110.9681",29.0697,-110.9681
217,221,SENDERO MATAMOROS,HÍPER,MATAMOROS,TAMAULIPAS,AV. CONSTITUYENTES 300,FRACC. QUINTA REAL,87345.0,"25.8567,-97.5358",25.8567,-97.5358
219,223,SENDERO SALTILLO,HÍPER,SALTILLO,COAHUILA DE ZARAGOZA,CARRETERA A LOS GONZALEZ 365,EX HACIENDA SAN JOSE DE LOS CERRITOS,25203.0,"25.4437,-100.9609",25.4437,-100.9609
222,226,CAMINO REAL,MERCADO,GUADALUPE,ZACATECAS,CARRETERA A SAUCEDA DE LA BORDA 36,SPAUAZ,98600.0,"22.7581,-102.5042",22.7581,-102.5042
228,232,BORLAUG,MERCADO,CAJEME,SONORA,BLVD. DR. NORMAN E. BORLAUG SUR 7301,FRACC. HACIENDA DEL SOL,85050.0,"27.4488,-109.9313",27.4488,-109.9313
232,237,PORTALES,MERCADO,SALTILLO,COAHUILA DE ZARAGOZA,PERIFERICO LUIS ECHEVERRIA ALVAREZ 1855,SATELITE NORTE,25113.0,"25.4573,-101.0106",25.4573,-101.0106
237,242,SENDERO CD. JUAREZ,HÍPER,JUÁREZ,CHIHUAHUA,AV. FRANCISCO VILLARREAL 2050,PARTIDO SENECU,32546.0,"31.6929,-106.3800",31.6929,-106.38
238,243,LA AURORA,SÚPER,TORREÓN,COAHUILA DE ZARAGOZA,AUTOPISTA TORREON SAN PEDRO 1005,EJIDO LA UNION,27105.0,"25.5990,-103.4036",25.599,-103.4036
243,248,CHAPULTEPEC 1200,SÚPER,SAN LUIS POTOSÍ,SAN LUIS POTOSÍ,AV. CHAPULTEPEC 1200,FRACC. ALPES,78295.0,"22.1253,-101.0197",22.1253,-101.0197
244,249,PLAZA DIEZ,MERCADO,GUAYMAS,SONORA,AV. XIV 509,CENTRO,85400.0,"27.9232,-110.9016",27.9232,-110.9016
250,256,ALTARES,SÚPER,HERMOSILLO,SONORA,AV. XOLOTL 244,VALLE DEL MARQUEZ,83294.0,"29.0240,-110.9463",29.024,-110.9463
263,270,SALTILLO ABASOLO,HÍPER,SALTILLO,COAHUILA DE ZARAGOZA,PERIFERICO LUIS ECHEVERRIA 1032,COLONIA GUANAJUATO,25280.0,"25.4418,-100.9798",25.4418,-100.9798
297,309,GAVILANES,SÚPER,GUADALUPE,ZACATECAS,BLVD. LOPEZ PORTILLO SN,CENTRO,98000.0,"22.7586,-102.5375",22.7586,-102.5375
315,329,EL TOREO,HÍPER,MAZATLÁN,SINALOA,RAFAEL BUELNA 103,EL TOREO,82120.0,"23.2475,-106.4373",23.2475,-106.4373
319,334,JUSTO SIERRA,SÚPER,MEXICALI,BAJA CALIFORNIA,BLVD. L. MONTEJANO 1400,JARDINES DEL VALLE,21270.0,"32.6397,-115.4511",32.6397,-115.4511
320,338,RIO TIJUANA,SÚPER,TIJUANA,BAJA CALIFORNIA,BLVD. SANCHEZ TABOADA ZONA RIO 1600,ZONA RIO,22000.0,"32.5245,-117.0227",32.5245,-117.0227
321,340,GLORIETA,HÍPER,SOLEDAD DE GRACIANO SÁNCHEZ,SAN LUIS POTOSÍ,CARRETERA CENTRAL FRENTE LA GLORIETA JUAREZ SN,FIDEL VELAZQUEZ,78436.0,"22.1532,-100.9548",22.1532,-100.9548
328,347,PLAZA TUTULI,HÍPER,CAJEME,SONORA,AV. GUERRERO SN,CUMURIPA,85140.0,"27.4929,-109.9475",27.4929,-109.9475
331,351,CANALES,HÍPER,MATAMOROS,TAMAULIPAS,PRIMERA Y CANALES SN,LUCERO,87350.0,"25.8697,-97.5006",25.8697,-97.5006
332,352,CARRERA,HÍPER,VICTORIA,TAMAULIPAS,AV. CARRERA TORRES SN,OBRERA,87090.0,"23.7367,-99.1334",23.7367,-99.1334
333,353,DURANGO,HÍPER,DURANGO,DURANGO,AQUILES SERDAN OTE 1100,DEL LAGO,34080.0,"24.0310,-104.6483",24.031,-104.6483
334,354,MALDONADO,SÚPER,NUEVO LAREDO,TAMAULIPAS,GUATEMALA 3830,JUAREZ,88209.0,"27.4835,-99.5157",27.4835,-99.5157
339,361,SATELITE,HÍPER,VICTORIA,TAMAULIPAS,BLVD. ADOLFO LOPEZ MATEOS 125 O,DOCTOR TREVIÑO ZAPATA,87020.0,"23.7543,-99.1496",23.7543,-99.1496
340,362,LAURO VILLAR PALMAS,HÍPER,MATAMOROS,TAMAULIPAS,AV. LAURO VILLAR KM 2,LAS PALMAS,87420.0,"25.8698,-97.4853",25.8698,-97.4853
341,363,CENTRAL CAMIONERA,SÚPER,REYNOSA,TAMAULIPAS,PARIS FRENTE A LA CENTRAL CAMIONERA SN,UNIDAD Y PROGRESO,88500.0,"26.0858,-98.2716",26.0858,-98.2716
342,364,BELLA VISTA SAL.,HÍPER,SALTILLO,COAHUILA DE ZARAGOZA,BLVD. ANTONIO CARDENAS SN,COLONIA BELLAVISTA,25060.0,"25.4057,-100.9992",25.4057,-100.9992
345,367,EVA SAMANO,HÍPER,NUEVO LAREDO,TAMAULIPAS,CARRETERA ANAHUAC 7201,PARQUE INDUSTRIAL LONGORIA,88130.0,"27.4787,-99.5488",27.4787,-99.5488
348,370,SAN FERNANDO,HÍPER,REYNOSA,TAMAULIPAS,CARRETERA A SAN FERNANDO S/N CRUZ CON JO S/N,CARLOS CANTU CAPITAN,88797.0,"26.0254,-98.2796",26.0254,-98.2796
351,373,LA OCHO,SÚPER,TIJUANA,BAJA CALIFORNIA,AV. CONSTITUCION 1125,ZONA CENTRO,22000.0,"32.5287,-117.0385",32.5287,-117.0385
352,374,FRANCISCO VILLA,SÚPER,TIJUANA,BAJA CALIFORNIA,TORIBIO ORTEGA 299,FRANCISCO VILLA,22150.0,"32.5106,-117.0577",32.5106,-117.0577
353,375,FLORIDO,SÚPER,TIJUANA,BAJA CALIFORNIA,BLVD. INSURGENTES 9802,HOROSCOPO,22500.0,"32.4587,-116.8942",32.4587,-116.8942
354,376,FUNDADORES TIJ.,SÚPER,TIJUANA,BAJA CALIFORNIA,BLVD. FUNDADORES 5343,VALLE DEL RUBI,22180.0,"32.4927,-117.0318",32.4927,-117.0318
355,377,LIBERTAD,SÚPER,TIJUANA,BAJA CALIFORNIA,CARRETERA AEROPUERTO Y 16 SN,LIBERTAD,22300.0,"32.5307,-117.0106",32.5307,-117.0106
356,378,LA MESA LIMON,SÚPER,TIJUANA,BAJA CALIFORNIA,BLVD. DIAZ ORDAZ 1351,LA MESA,22450.0,"32.5048,-116.9789",32.5048,-116.9789
357,380,CAPISTRANO,SÚPER,TIJUANA,BAJA CALIFORNIA,AV. CAMPOS Y BLVD. LIBRAMIENTO 245,LA PRESA,22680.0,"32.4777,-116.9207",32.4777,-116.9207
358,381,PINOS TIJ.,SÚPER,TIJUANA,BAJA CALIFORNIA,LOS PINOS KM. 14 245,LA PRESA,22680.0,"32.4704,-116.9337",32.4704,-116.9337
359,382,INDUSTRIAL,SÚPER,TIJUANA,BAJA CALIFORNIA,BLVD. INDUSTRIAL 179,TECNOLOGICO,22454.0,"32.5350,-116.9313",32.535,-116.9313
360,383,UNIVERSIDAD TIJ.,SÚPER,TIJUANA,BAJA CALIFORNIA,CALZ. DEL TECNOLOGICO 1100,OTAY UNIVERSIDAD,22390.0,"32.5287,-116.9784",32.5287,-116.9784
361,384,BAHIA,SÚPER,ENSENADA,BAJA CALIFORNIA,AV. CORTES Y REFORMA SN,BAHIA,22880.0,"31.8591,-116.6053",31.8591,-116.6053
362,385,GASTELUM,SÚPER,ENSENADA,BAJA CALIFORNIA,AV. GASTELUM SN,CENTRO,22800.0,"31.8687,-116.6231",31.8687,-116.6231
363,387,PIPILA,SÚPER,ENSENADA,BAJA CALIFORNIA,AV. PIPILA 150,VIVIENDA POPULAR,22880.0,"31.8610,-116.5952",31.861,-116.5952
364,389,SOLER,SÚPER,TIJUANA,BAJA CALIFORNIA,IGNACIO ALTAMIRANO 4567,SOLER,22105.0,"32.5302,-117.0749",32.5302,-117.0749
365,390,REVOLUCION,SÚPER,TIJUANA,BAJA CALIFORNIA,AV. REVOLUCION 868,ZONA CENTRO,22000.0,"32.5347,-117.0365",32.5347,-117.0365
366,391,GATO BRONCO,SÚPER,TIJUANA,BAJA CALIFORNIA,BLVD. GATO BRONCO 18561,EL LAGO,22490.0,"32.4982,-116.9194",32.4982,-116.9194
367,392,CUCAPAH,SÚPER,TIJUANA,BAJA CALIFORNIA,AV. BEGONIAS 22579,JARDIN DORADO,22586.0,"32.5143,-116.8877",32.5143,-116.8877
368,393,PARROQUIA,SÚPER,TIJUANA,BAJA CALIFORNIA,RUTA HIDALGO 9411,MATAMOROS,22500.0,"32.4754,-116.8739",32.4754,-116.8739
369,394,ENCINOS,SÚPER,TECATE,BAJA CALIFORNIA,AV. NUEVO LEON 79,LOS ENCINOS,21460.0,"32.5674,-116.6327",32.5674,-116.6327
370,395,LAS FERIAS,SÚPER,TIJUANA,BAJA CALIFORNIA,AV. DE LAS FERIAS 10551,HERRADURA,22034.0,"32.4994,-117.0020",32.4994,-117.002
371,396,AGUA CALIENTE,SÚPER,TIJUANA,BAJA CALIFORNIA,BLVD. AGUA CALIENTE 10506,AVIACION,22420.0,"32.5153,-117.0109",32.5153,-117.0109
388,416,NAVA,EXPRESS,NAVA,COAHUILA DE ZARAGOZA,VENUSTIANO CARRANZA 585 P,CENTRO,26170.0,"28.4227,-100.7628",28.4227,-100.7628
418,449,CASTAÑOS,EXPRESS,CASTAÑOS,COAHUILA DE ZARAGOZA,BLVD. HIDALGO 635,FRACC. CALIFORNIA,25870.0,"26.7963,-101.4232",26.7963,-101.4232
421,452,MÚZQUIZ,EXPRESS,MÚZQUIZ,COAHUILA DE ZARAGOZA,PRESIDENTE JUAREZ 206 N,CENTRO,26340.0,"27.8790,-101.5154",27.879,-101.5154
424,455,ALLENDE,EXPRESS,ALLENDE,COAHUILA DE ZARAGOZA,BENITO JUAREZ 602 N,CENTRO,26530.0,"28.3482,-100.8530",28.3482,-100.853
428,459,EL ROSARIO,EXPRESS,ROSARIO,SINALOA,MINEROS 42,CENTRO,82800.0,"22.9926,-105.8612",22.9926,-105.8612
437,468,MIRASIERRA,MERCADO,SALTILLO,COAHUILA DE ZARAGOZA,BLVD. FUNDADORES 7540,SAN JOSE DE LOS CERRITOS,25299.0,"25.4322,-100.9243",25.4322,-100.9243
438,469,SANTA FE B.C.,SÚPER,TIJUANA,BAJA CALIFORNIA,BLVD. EL ROSARIO 10931,SAN ANTONIO DE LOS BUENOS,22674.0,"32.4360,-117.0419",32.436,-117.0419
439,470,ACUEDUCTO,SÚPER,TIJUANA,BAJA CALIFORNIA,BLVD. GUADALAJARA 15510,LA MESA,22105.0,"32.4805,-116.9655",32.4805,-116.9655
440,471,GUAYCURA,SÚPER,TIJUANA,BAJA CALIFORNIA,BLVD. CUCAPAH 19713,AMPLIACION LOMA BONITA,22200.0,"32.5102,-116.9146",32.5102,-116.9146
441,472,QUIROGA,HÍPER,HERMOSILLO,SONORA,BLVD. DR. ANTONIO QUIROGA 213,NUEVA PALMIRA,83170.0,"29.1150,-111.0217",29.115,-111.0217
454,485,JEREZ,EXPRESS,JEREZ,ZACATECAS,CALLE DEL HOSPICIO 64,CENTRO,99300.0,"22.6516,-102.9941",22.6516,-102.9941
461,493,RÍO GRANDE,EXPRESS,RÍO GRANDE,ZACATECAS,BLVD. MAESTROS ILUSTRES 29,VICENTE GUERRERO,98400.0,"23.8293,-103.0413",23.8293,-103.0413
462,494,SOMBRERETE,EXPRESS,SOMBRERETE,ZACATECAS,JARDIN CONSITUCION 30,CENTRO,99100.0,"23.6309,-103.6421",23.6309,-103.6421
466,498,DELICIAS PONIENTE,MERCADO,DELICIAS,CHIHUAHUA,CALLE 3ERA. PONIENTE 1501,SECTOR PONIENTE,33000.0,"28.1846,-105.4841",28.1846,-105.4841
467,499,CAMARGO,EXPRESS,CAMARGO,CHIHUAHUA,AV. BENITO JUAREZ 1200,LAGUNITA,33739.0,"27.6819,-105.1641",27.6819,-105.1641
470,502,TIJUANA VILLA FONTANA,SÚPER,TIJUANA,BAJA CALIFORNIA,BLVD. CUCAPAH SN,VILLA FONTANA,22205.0,"32.5133,-116.8643",32.5133,-116.8643
471,503,REFORMA TIJUANA,SÚPER,TIJUANA,BAJA CALIFORNIA,BLVD. REFORMA SN,REFORMA,22180.0,"32.4714,-116.9502",32.4714,-116.9502
475,507,LOS ANGELES TORREON,SÚPER,TORREÓN,COAHUILA DE ZARAGOZA,BLVD. INDEPENDENCIA PTE. 20,AMPLIACION LOS ANGELES,27140.0,"25.5484,-103.4497",25.5484,-103.4497
478,510,SAN JOSÉ VIEJO,HÍPER,LOS CABOS,BAJA CALIFORNIA SUR,CARRETERA TRANSPENINSULAR KM.39,SAN JOSE VIEJO,23437.0,"23.1131,-109.7147",23.1131,-109.7147
487,519,EL DORADO,EXPRESS,CULIACÁN,SINALOA,MEXICO PTE 390,CENTRO,80450.0,"24.3168,-107.3634",24.3168,-107.3634
488,520,NACOZARI,EXPRESS,NACOZARI DE GARCÍA,SONORA,MONTE HIMALAYA SN,LOMAS DE NACOZARI,84340.0,"30.3770,-109.6839",30.377,-109.6839
489,521,COLA DE BALLENA,HÍPER,LA PAZ,BAJA CALIFORNIA SUR,LIBRAMIENTO SUR 1515,EL ZACATAL,23088.0,"24.1175,-110.3361",24.1175,-110.3361
492,524,PERIFERICO DE LA JUVENTUD,HÍPER,CHIHUAHUA,CHIHUAHUA,AV. DE LA JUVENTUD 5909,LA CANTERA,31001.0,"28.6288,-106.1218",28.6288,-106.1218
499,531,CABORCA,EXPRESS,CABORCA,SONORA,AV. 6 DE ABRIL NTE. 60,CENTRO,83600.0,"30.7150,-112.1486",30.715,-112.1486
500,532,VICENTE CENTRO,EXPRESS,VICENTE GUERRERO,DURANGO,JUAN HERNANDEZ Y MARIN 100,VICENTE GUERRERO CENTRO,34890.0,"23.7304,-103.9883",23.7304,-103.9883
507,539,CASAS GRANDES,MERCADO,NUEVO CASAS GRANDES,CHIHUAHUA,AV. TECNOLOGICO 903,CENTRO,31700.0,"30.4110,-107.9008",30.411,-107.9008
508,540,CENTRAL SALTILLO,MERCADO,SALTILLO,COAHUILA DE ZARAGOZA,PERIFERICO LIC. LUIS ECHEVERRIA A. 290,BELLAVISTA,25060.0,"25.3981,-101.0083",25.3981,-101.0083
509,541,CASA BLANCA,SÚPER,TIJUANA,BAJA CALIFORNIA,PDA. AGUILA SILBONA 19510,BAJA MAQ EL AGUILA,22215.0,"32.5005,-116.8981",32.5005,-116.8981
510,542,JARDINES TIJUANA,SÚPER,TIJUANA,BAJA CALIFORNIA,BLVD. GUSTAVO DIAZ ORDAZ 17415,JARDINES DE LA MESA,22126.0,"32.4602,-116.9259",32.4602,-116.9259
511,543,SAN MARINO,SÚPER,ENSENADA,BAJA CALIFORNIA,AV. J. DE J. CLARK FLORES 11390,ZONA PLAYITAS,22860.0,"31.8661,-116.6591",31.8661,-116.6591
517,549,CARIBE,HÍPER,LOS CABOS,BAJA CALIFORNIA SUR,AV. LEONA VICARIO 5135,,0.0,"22.9325,-109.9289",22.9325,-109.9289
518,550,LA OBRERA (FEMA),SÚPER,TIJUANA,BAJA CALIFORNIA,LIBRAMIENTO 10001,OAXACA ANGEL FERNANDEZ DEL SAN ANTONIO D,22620.0,"32.4907,-117.0471",32.4907,-117.0471
519,551,LIBRAMIENTO ENSENADA (OJOS NEG,SÚPER,ENSENADA,BAJA CALIFORNIA,LIBRAMIENTO 10001,OAXACA ANGEL FERNANDEZ,22620.0,"31.8738,-116.5726",31.8738,-116.5726
520,552,GERANIOS,SÚPER,ENSENADA,BAJA CALIFORNIA,AV. GERANEOS 513,COLINAS DE LA PRESA 2 SECC,22810.0,"31.8956,-116.5781",31.8956,-116.5781
526,558,SAN BUENA VENTURA,EXPRESS,SAN BUENAVENTURA,COAHUILA DE ZARAGOZA,JUAREZ 444,CENTRO,25500.0,"27.0533,-101.5489",27.0533,-101.5489
527,559,DEL LAGO,SÚPER,PIEDRAS NEGRAS,COAHUILA DE ZARAGOZA,AMPL. BLVD. REPUBLICA 1800,DEL LAGO,26069.0,"28.7022,-100.5604",28.7022,-100.5604
528,560,MONTERREAL,SÚPER,TORREÓN,COAHUILA DE ZARAGOZA,CALZ. PASEO DEL TECNOLOGICO OTE. 2300,VILLAS DE LAS PERLAS,27277.0,"25.5037,-103.3570",25.5037,-103.357
529,561,LIBERTAD COAH.,MERCADO,TORREÓN,COAHUILA DE ZARAGOZA,BLVD. TORREON - MATAMOROS OTE. 7200,VALLE ORIENTE,27277.0,"25.5341,-103.3584",25.5341,-103.3584
530,562,LERDO,MERCADO,LERDO,DURANGO,LIBRAMIENTO PERIFERICO NTE. 450,FILIBERTO GARCIA,35159.0,"25.5422,-103.5328",25.5422,-103.5328
533,565,GUAMÚCHIL,EXPRESS,SALVADOR ALVARADO,SINALOA,NICOLAS BRAVO PTE. 519,JUAREZ,81450.0,"25.4636,-108.0837",25.4636,-108.0837
535,568,DELANTE,SÚPER,ENSENADA,BAJA CALIFORNIA,ESMERALDA 251,EX-MANZANA DE LA C.P.,22850.0,"31.8539,-116.5801",31.8539,-116.5801
539,573,VALLE ALTO,MERCADO,CIUDAD VALLES,SAN LUIS POTOSÍ,CARRETERA MEXICO- LAREDO 1353,VALLE ALTO,79026.0,"22.0020,-99.0083",22.002,-99.0083
543,580,JUAN PABLO II,MERCADO,CHIHUAHUA,CHIHUAHUA,PERIFERICO VICENTE LOMBARDO TOLEDANO 8400,AEROPUERTO,31380.0,"28.6443,-106.0131",28.6443,-106.0131
545,583,SABINAS,EXPRESS,SABINAS,COAHUILA DE ZARAGOZA,FRANCISCO I. MADERO OTE. 447,CENTRO,26700.0,"27.8474,-101.1187",27.8474,-101.1187
546,584,MIGUEL ALEMAN TAMPS,EXPRESS,MIGUEL ALEMÁN,TAMAULIPAS,AV. EMILIANO ZAPATA PTE. 445,CENTRO MIGUEL ALEMAN,88300.0,"26.3988,-99.0291",26.3988,-99.0291
549,587,PACIFICO,SÚPER,TIJUANA,BAJA CALIFORNIA,BLVD. PACIFICO 7501,PARQUE INDUSTRIZL PACIFICO,22572.0,"32.4764,-116.9928",32.4764,-116.9928
555,593,ESCUINAPA,EXPRESS,ESCUINAPA,SINALOA,GABRIEL LEYVA 17,CENTRO,82400.0,"22.8336,-105.7772",22.8336,-105.7772
559,597,JIMÉNEZ,EXPRESS,JIMÉNEZ,CHIHUAHUA,AV. JUAREZ 317,CENTRO,33980.0,"27.1303,-104.9172",27.1303,-104.9172
563,602,CUATRO CIÉNEGAS,EXPRESS,CUATRO CIÉNEGAS,COAHUILA DE ZARAGOZA,JOSE CARLOS GARZA 704,BENITO JUAREZ,27640.0,"26.9887,-102.0563",26.9887,-102.0563
566,605,OJO CALIENTE,EXPRESS,OJOCALIENTE,ZACATECAS,CERVANTES CORONA 44,CENTRO,98700.0,"22.5670,-102.2485",22.567,-102.2485
573,615,LA GLORIA,SÚPER,TIJUANA,BAJA CALIFORNIA,CARRETERA TIJUANA-ENSENADA 10121,SAN ANTONIO DE LOS BUENOS,22114.0,"32.4441,-117.0157",32.4441,-117.0157
575,618,GRACIANO SÁNCHEZ,MERCADO,SOLEDAD DE GRACIANO SÁNCHEZ,SAN LUIS POTOSÍ,AV. SAN PEDRO 1807,SAN FRANCISCO,78435.0,"22.1673,-100.9282",22.1673,-100.9282
577,620,CAMINO REAL BCS,SÚPER,LA PAZ,BAJA CALIFORNIA SUR,BLVD. FORJADORES DE SUDCALIFORNIA SN,EL PALMAR II,23084.0,"24.0528,-110.3030",24.0528,-110.303
578,621,MEZQUITITO,SÚPER,LA PAZ,BAJA CALIFORNIA SUR,BLVD. FORJADORES DE SUDCALIFORNIA 250,EL MEZQUITO,23083.0,"24.0934,-110.3090",24.0934,-110.309
582,626,PÓRTICOS,SÚPER,ENSENADA,BAJA CALIFORNIA,BLVD. GENERAL LAZARO CARDENAS 310,PARQUE INDUSTRIAL CHAPULTEPEC,22785.0,"31.7824,-116.5859",31.7824,-116.5859
583,627,TERÁN TERÁN,SÚPER,TIJUANA,BAJA CALIFORNIA,BLVD. BELLAS ARTES 20486,CIUDAD INDUSTRIAL,22444.0,"32.5359,-116.9022",32.5359,-116.9022
590,635,GUADALUPE VICTORIA,EXPRESS,GUADALUPE VICTORIA,DURANGO,AV. RICARDO CASTRO OTE. 902,CENTRO,34700.0,"24.4461,-104.1143",24.4461,-104.1143
599,647,OJINAGA,SÚPER,OJINAGA,CHIHUAHUA,BLVD. LIBRE COMERCIO 1512,2 DE OCTUBRE,32885.0,"29.5501,-104.4225",29.5501,-104.4225
601,649,CONSTITUCION SUPER,SÚPER,SAN LUIS RÍO COLORADO,SONORA,CALZ. CONSTITUCION 240,LA MESA,83420.0,"32.4702,-114.7875",32.4702,-114.7875
602,650,OBREGÓN,SÚPER,SAN LUIS RÍO COLORADO,SONORA,AV. OBREGON SN,COMERCIAL,83449.0,"32.4832,-114.7794",32.4832,-114.7794
603,651,CALLE 12,SÚPER,SAN LUIS RÍO COLORADO,SONORA,AV. COAHUILA 1100,SONORA,83440.0,"32.4496,-114.7811",32.4496,-114.7811
604,652,CALLE 26,SÚPER,SAN LUIS RÍO COLORADO,SONORA,AV. 16 SEPTIEMBRE 2601,BUROCRATA,83450.0,"32.4642,-114.7529",32.4642,-114.7529
612,662,LAS LOMAS,HÍPER,DURANGO,DURANGO,BLVD. DEL GUADIANA 406,LOMA DORADA,34100.0,"24.0120,-104.6919",24.012,-104.6919
617,669,PLAZA MUÑOZ,SÚPER,SAN LUIS POTOSÍ,SAN LUIS POTOSÍ,AV. PROLONGACIÓN MUÑOZ 225,FRACC. MUÑOZ,78150.0,"22.1615,-100.9997",22.1615,-100.9997
619,671,SENDERO MAZATLÁN,HÍPER,MAZATLÁN,SINALOA,AV. OSCAR PEREZ ESCOBOSA 8201,VENADILLO,82129.0,"23.2719,-106.4176",23.2719,-106.4176
620,672,PLAZA CITADINA,HÍPER,SOLEDAD DE GRACIANO SÁNCHEZ,SAN LUIS POTOSÍ,CARRETERA MATEHUALA 3600,SOLEDAD DE GRACIANO SÁNCHEZ,78430.0,"22.1823,-100.9500",22.1823,-100.95
636,695,RAFAEL BUELNA,HÍPER,MAZATLÁN,SINALOA,AV. RAFAEL BUELNA 128,ZONA DORADA,82110.0,"23.2399,-106.4426",23.2399,-106.4426
637,696,CULIACAN LA CAMPIÑA ,HÍPER,CULIACÁN,SINALOA,DR. MORA 1725,LA CAMPIÑA,80060.0,"24.8165,-107.3649",24.8165,-107.3649
638,697,HERMOSILLO SOLIDARIDAD,HÍPER,HERMOSILLO,SONORA,BLVD. LUIS DONALDO COLOSIO S/N,VILLA SATELITE,83200.0,"29.0827,-110.9813",29.0827,-110.9813
639,698,PUNTO LA PAZ,HÍPER,LA PAZ,BAJA CALIFORNIA SUR,CARRETERA TRANSPENINSULAR S/N,FRACC. CAPULLO,23090.0,"24.1399,-110.3336",24.1399,-110.3336
643,859,PLAZA FIESTA SLP,MEGA SORIANA,SAN LUIS POTOSÍ,SAN LUIS POTOSÍ,AV. HIMNO NACIONAL 4005,HIMNO NACIONAL,78280.0,"22.1336,-100.9807",22.1336,-100.9807
653,870,PLAZA RIO,HÍPER,TIJUANA,BAJA CALIFORNIA,PASEO DE LOS HEROES 95,PLAZA RIO,22320.0,"32.5289,-117.0211",32.5289,-117.0211
661,878,TANGAMANGA SLP,MEGA SORIANA,SAN LUIS POTOSÍ,SAN LUIS POTOSÍ,AV. SALVADOR NAVA S/N ,TANGAMANGA,78269.0,"22.1393,-100.9997",22.1393,-100.9997
665,882,OTAY,HÍPER,TIJUANA,BAJA CALIFORNIA,LAZARO CARDENAS 5  Y LAS FUENTES,OTAY CONSTITUYENTES,22457.0,"32.5287,-116.9498",32.5287,-116.9498
670,887,PLAYAS,HÍPER,TIJUANA,BAJA CALIFORNIA,AV. OLAS ALTAS 130,PLAYAS TIJUANA SECCCION CORONADO ,2504.0,"32.5325,-117.1127",32.5325,-117.1127
679,897,ENSENADA REFORMA,HÍPER,ENSENADA,BAJA CALIFORNIA,CARRETERA TRANSPENINSULAR 112,MANEADERO,22790.0,"31.8155,-116.5962",31.8155,-116.5962
701,921,CARRANZA MEXICALI,HÍPER,MEXICALI,BAJA CALIFORNIA,BLVD. LAZARO CARDENAS 2000 ,RANCHO LA BODEGA,21239.0,"32.6216,-115.4064",32.6216,-115.4064
706,926,TIJUANA CARRUSEL,HÍPER,TIJUANA,BAJA CALIFORNIA,DIAZ ORDAZ 15602,LAS BRISAS,22610.0,"32.4965,-116.9588",32.4965,-116.9588
721,942,TIJUANA LOS PINOS,HÍPER,TIJUANA,BAJA CALIFORNIA,DIAZ ORDAZ 17151,JARDINES DE LA MESA,22126.0,"32.4644,-116.9315",32.4644,-116.9315
729,950,CONSTITUCIÓN ROSARITO,HÍPER,PLAYAS DE ROSARITO,BAJA CALIFORNIA,AV. JOSE HAROZ AGUILAR 2071,VILLA TURISTICA,22707.0,"32.3674,-117.0564",32.3674,-117.0564
731,952,TIJUANA PLAZA DORADA,HÍPER,TIJUANA,BAJA CALIFORNIA,CUCAPAH 21212,JARDIN DORADO,22586.0,"32.5144,-116.8907",32.5144,-116.8907
740,961,TRIANGULO MEXICALI,HÍPER,MEXICALI,BAJA CALIFORNIA,CALZ. INDUSTRIAL PALACO 1850,EX-EJIDO COAHUILA ,21360.0,"32.6075,-115.4359",32.6075,-115.4359
744,965,ANAHUAC MEXICALI,HÍPER,MEXICALI,BAJA CALIFORNIA,BLVD. LAZARO CARDENAS 900,LA ESPERANZA,21350.0,"32.6221,-115.4782",32.6221,-115.4782
754,975,SANTA FE TIJUANA,HÍPER,TIJUANA,BAJA CALIFORNIA,ORIENTE 7002,LOMAS DEL MAR,22564.0,"32.4464,-117.0347",32.4464,-117.0347
758,980,PLAZA OASIS,HÍPER,TIJUANA,BAJA CALIFORNIA,BLVD. REAL DE BAJA CALIFORNIA 23911,REAL DE SAN FRANCISCO,22236.0,"32.4842,-116.8489",32.4842,-116.8489
765,987,REFUGIO,HÍPER,TIJUANA,BAJA CALIFORNIA,BLVD. EL REFUGIO 22245,EL FLORIDO 4,22245.0,"32.4665,-116.8627",32.4665,-116.8627
768,992,CALAFIA,HÍPER,MEXICALI,BAJA CALIFORNIA,CALZ. LIC. ADOLFO LOPEZ MATEOS 1100,ZONA INDUSTRIAL,21010.0,"32.6420,-115.4697",32.642,-115.4697
769,993,ANAHUAC,HÍPER,MEXICALI,BAJA CALIFORNIA,CALZ. ANAHUAC 1301,RESIDENCIAL CASA MAGNA,21380.0,"32.5934,-115.4754",32.5934,-115.4754
770,994,TRANSPENINSULAR,HÍPER,ENSENADA,BAJA CALIFORNIA,CARRETERA TRANSPENINSULAR 100,CARLOS PACHECO,22890.0,"31.8501,-116.6063",31.8501,-116.6063
771,995,MISION,HÍPER,ENSENADA,BAJA CALIFORNIA,AV. REFORMA 1122,COMERCIAL MISION,22830.0,"31.8707,-116.6074",31.8707,-116.6074
776,1001,TORREON,CITY CLUB,TORREÓN,COAHUILA DE ZARAGOZA,BLVD. REVOLUCION 4100,FRACC. LOS ANGELES,27267.0,"25.5326,-103.4034",25.5326,-103.4034
777,1002,MONCLOVA,CITY CLUB,MONCLOVA,COAHUILA DE ZARAGOZA,HUEMAC 1101,ANAHUAC,25750.0,"26.9014,-101.4356",26.9014,-101.4356
778,1003,CHIHUAHUA,CITY CLUB,CHIHUAHUA,CHIHUAHUA,AV. PERIFERICO DE LA JUVENTUD 6302,FRACC. LOS MEZQUITES,31125.0,"28.6679,-106.1289",28.6679,-106.1289
779,1004,SALTILLO,CITY CLUB,SALTILLO,COAHUILA DE ZARAGOZA,PERIFERICO LUIS ECHEVERRIA 6385,SAN RAMON,25020.0,"25.4177,-100.9709",25.4177,-100.9709
785,1010,SAN LUCAS,CITY CLUB,LOS CABOS,BAJA CALIFORNIA SUR,BLVD. LAZARO CARDENAS ,MEDANO,23450.0,"22.8926,-109.9060",22.8926,-109.906
786,1011,TAMPICO,CITY CLUB,TAMPICO,TAMAULIPAS,AV. EJERCITO MEXICANO 1103,TAMPICO,89137.0,"22.2520,-97.8607",22.252,-97.8607
787,1012,LA PAZ,CITY CLUB,LA PAZ,BAJA CALIFORNIA SUR,CARABINEROS 4010,EX-BASE AEREA,23050.0,"24.1271,-110.3144",24.1271,-110.3144
788,1013,NUEVO LAREDO,CITY CLUB,NUEVO LAREDO,TAMAULIPAS,15 DE SEPTIEMBRE 3001,CAMPESTRE,88278.0,"27.4567,-99.5114",27.4567,-99.5114
789,1014,REYNOSA,CITY CLUB,REYNOSA,TAMAULIPAS,SEXTA SUR 205,LAS FUENTES,88710.0,"26.0722,-98.3209",26.0722,-98.3209
790,1015,DURANGO,CITY CLUB,DURANGO,DURANGO,AV. HEROICO COLEGIO MILITAR 109,NUEVA VIZCAYA,34080.0,"24.0301,-104.6437",24.0301,-104.6437
794,1019,GÓMEZ PALACIO,CITY CLUB,GÓMEZ PALACIO,DURANGO,BLVD. MIGUEL ALEMAN OTE. 117 B,EL CONSUELO,35000.0,"25.5492,-103.4818",25.5492,-103.4818
797,1022,HERMOSILLO,CITY CLUB,HERMOSILLO,SONORA,BLVD. RIO SONORA NORTE 128 A,PROYECTO RIO SONORA,83270.0,"29.0700,-110.9698",29.07,-110.9698
798,1023,CULIACÁN,CITY CLUB,CULIACÁN,SINALOA,BLVD. UNIVERSITARIOS PTE 435 A,DESARROLLO URBANO TRES RIOS,80027.0,"24.8349,-107.3993",24.8349,-107.3993
800,1025,SAN JOSÉ VIEJO,CITY CLUB,LOS CABOS,BAJA CALIFORNIA SUR,CARRETERA TRANSPENINSULAR S/N,SAN JOSE AEROPUERTO,23550.0,"23.1140,-109.7142",23.114,-109.7142
808,1033,PIEDRAS NEGRAS,CITY CLUB,PIEDRAS NEGRAS,COAHUILA DE ZARAGOZA,AMPLIACION REPUBLICA 1800,DEL LAGO,26069.0,"28.7022,-100.5598",28.7022,-100.5598
811,1036,SUPER LEY EXPRESS EL CARRIZO,CASA LEY,AHOME,SINALOA,,,,"26.2666759,-109.0416946",26.2666759,-109.0416946
812,1037,LEY EXPRESS AHOME,CASA LEY,AHOME,SINALOA,,,,"25.77027,-108.962560",25.77027,-108.96256
813,1038,LEY EXPRESS LA REFORMA,CASA LEY,ANGOSTURA,SINALOA,,,,"25.0821821,-108.0552082",25.0821821,-108.0552082
814,1039,LEY EXPRESS BADIRAGUATO,CASA LEY,BADIRAGUATO,SINALOA,,,,"25.3663918,-107.55272",25.3663918,-107.55272
815,1040,LEY EXPRESS CHOIX,CASA LEY,CHOIX,SINALOA,,,,"26.7101209,-108.333323",26.7101209,-108.333323
816,1041,SUPER LEY COSTA RICA,CASA LEY,COSTA RICA,SINALOA,,,,"24.5933333,-107.3927778",24.5933333,-107.3927778
817,1042,PLAZA LEY,CASA LEY,CULIACÁN,SINALOA,,,,"24.7766324,-107.4442162",24.7766324,-107.4442162
818,1043,LEY ABASTOS,CASA LEY,CULIACÁN,SINALOA,,,,"24.7680225,-107.3645706",24.7680225,-107.3645706
819,1044,LEY PALMITO,CASA LEY,CULIACÁN,SINALOA,,,,"24.7852936,-107.4281082",24.7852936,-107.4281082
820,1045,LEY EXPRESS SANALONA,CASA LEY,CULIACÁN,SINALOA,,,,"24.8039081,-107.3606992",24.8039081,-107.3606992
821,1046,LEY EXPRESS LA ESPERANZA,CASA LEY,CULIACÁN,SINALOA,,,,"24.7847098,-107.3611736",24.7847098,-107.3611736
822,1047,LEY CALZADA,CASA LEY,CULIACÁN,SINALOA,,,,"24.7831487,-107.3770838",24.7831487,-107.3770838
823,1048,SUPER LEY EXPRESS ORQUÍDEAS,CASA LEY,CULIACÁN,SINALOA,,,,"24.84151,-107.4266288",24.84151,-107.4266288
824,1049,SUPER LEY EXPRESS UNIVERSITARIOS,CASA LEY,CULIACÁN,SINALOA,,,,"24.8320739,-107.3993544",24.8320739,-107.3993544
825,1050,LEY PASEO SAN ISIDRO,CASA LEY,CULIACÁN,SINALOA,,,,"24.7561159,-107.4118778",24.7561159,-107.4118778
826,1051,LEY EXPRESS EL ROSARIO,CASA LEY,EL ROSARIO,SINALOA,,,,"22.9996282,-105.8693983",22.9996282,-105.8693983
827,1052,LEY ESCUINAPA,CASA LEY,ESCUINAPA,SINALOA,,,,"22.8325943,-105.7839571",22.8325943,-105.7839571
828,1053,SUPER LEY INGENIO EL DORADO,CASA LEY,EL DORADO,SINALOA,,,,"24.59269,-107.7297442",24.59269,-107.7297442
829,1054,LEY EXPRESS EL FUERTE,CASA LEY,EL FUERTE,SINALOA,,,,"26.4147746,-108.6232742",26.4147746,-108.6232742
830,1055,LEY GUAMÚCHIL,CASA LEY,GUAMÚCHIL,SINALOA,,,,"25.4599977,-108.0942185",25.4599977,-108.0942185
831,1056,LEY PLAZA DEL EVORA,CASA LEY,GUAMÚCHIL,SINALOA,,,,"25.4526628,-108.0818649",25.4526628,-108.0818649
832,1057,LEY EXPRESS CBTIS,CASA LEY,GUAMÚCHIL,SINALOA,,,,"25.4584096,-108.0726319",25.4584096,-108.0726319
833,1058,LEY JUAN JOSÉ RIOS,CASA LEY,JUAN JOSÉ RIOS,SINALOA,,,,"25.7581011,-108.8275848",25.7581011,-108.8275848
834,1059,LEY PLAZA GUASAVE,CASA LEY,GUASAVE,SINALOA,,,,"25.5669214,-108.477649",25.5669214,-108.477649
835,1060,LEY MADERO,CASA LEY,GUASAVE,SINALOA,,,,"25.5656974,-108.4617772",25.5656974,-108.4617772
836,1061,LEY LAS FUENTES,CASA LEY,GUASAVE,SINALOA,,,,"25.5801257,-108.4713868",25.5801257,-108.4713868
837,1062,LEY EXPRESS LA CRUZ,CASA LEY,LA CRUZ DE ELOTA,SINALOA,,,,"23.9162076,-106.896566",23.9162076,-106.896566
838,1063,LEY NAVOLATO,CASA LEY,NAVOLATO,SINALOA,,,,"24.7660883,-107.7023402",24.7660883,-107.7023402
839,1064,SUPER LEY LA PRIMAVERA,CASA LEY,NAVOLATO,SINALOA,,,,"24.7628861,-107.7079582",24.7628861,-107.7079582
840,1065,PLAZA FIESTA LAS PALMAS,CASA LEY,LOS MOCHIS,SINALOA,,,,"25.7905148,-109.0103011",25.7905148,-109.0103011
841,1066,LEY TABACHINES,CASA LEY,LOS MOCHIS,SINALOA,,,,"25.7893238,-108.9842797",25.7893238,-108.9842797
842,1067,LEY JIQUILPAN,CASA LEY,LOS MOCHIS,SINALOA,,,,"25.807394,-108.9984093",25.807394,-108.9984093
843,1068,LEY EXPRESS MORELOS,CASA LEY,LOS MOCHIS,SINALOA,,,,"25.763996,-108.9987568",25.763996,-108.9987568
844,1069,PLAZA LEY MAZATLÁN,CASA LEY,MAZATLÁN,SINALOA,,,,"23.2221898,-106.4289396",23.2221898,-106.4289396
845,1070,LEY MERCADO,CASA LEY,MAZATLÁN,SINALOA,,,,"23.203392,-106.4190444",23.203392,-106.4190444
846,1071,LEY PLAZA EL MAR,CASA LEY,MAZATLÁN,SINALOA,,,,"23.2454693,-106.4275515",23.2454693,-106.4275515
847,1072,LEY EL CONCHI,CASA LEY,MAZATLÁN,SINALOA,,,,"23.2419695,-106.4000344",23.2419695,-106.4000344
848,1073,LEY CERRO COLORADO,CASA LEY,MAZATLÁN,SINALOA,,,,"23.2280573,-106.3939298",23.2280573,-106.3939298
849,1074,SUPER LEY EXPRESS MOCORITO,CASA LEY,MOCORITO,SINALOA,,,,"25.4795814,-107.9273544",25.4795814,-107.9273544
850,1075,LEY EXPRESS PERICOS,CASA LEY,PERICOS,SINALOA,,,,"25.3664061,-107.5592915",25.3664061,-107.5592915
851,1076,LEY EXPRESS QUILÁ,CASA LEY,QUILÁ,SINALOA,,,,"24.421446,-107.2298057",24.421446,-107.2298057
852,1077,LEY EXPRESS SAN IGNACIO,CASA LEY,SAN IGNACIO,SINALOA,,,,"23.9396909,-106.4389947",23.9396909,-106.4389947
853,1078,SUPER LEY EXPRESS LA PALMA,CASA LEY,VILLA ÁNGEL FLORES,SINALOA,,,,"24.817367,-107.6547836",24.817367,-107.6547836
854,1079,,CASA LEY,VILLA BENITO JUÁREZ,SINALOA,,,,"24.6575196,-107.5513543",24.6575196,-107.5513543
855,1080,LEY EXPRESS El ZAINO,CASA LEY,AGUAPRIETA,SONORA,,,,"31.3151747,-109.5521803",31.3151747,-109.5521803
856,1081,LEY PLAZA FRONTERA,CASA LEY,AGUAPRIETA,SONORA,,,,"31.3216781,-109.5516357",31.3216781,-109.5516357
857,1082,LEY CABORCA,CASA LEY,CABORCA,SONORA,,,,"30.7186988,-112.1652106",30.7186988,-112.1652106
858,1083,LEY EXPRESS CANANEA,CASA LEY,CANANEA,SONORA,,,,"30.9886769,-110.289739",30.9886769,-110.289739
859,1084,LEY EMPALME,CASA LEY,EMPALME,SONORA,,,,"27.9603363,-110.7993355",27.9603363,-110.7993355
860,1085,LEY PLAZA EL VIGIA,CASA LEY,GUAYMAS,SONORA,,,,"27.926952,-110.918898",27.926952,-110.918898
861,1086,LEY EXPRESS GUAYMAS NORTE,CASA LEY,GUAYMAS,SONORA,,,,"27.9465157,-110.9363615",27.9465157,-110.9363615
862,1087,SUPER LEY EXPRESS GUAYMAS SUR,CASA LEY,GUAYMAS,SONORA,,,,"27.9562072,-110.9213648",27.9562072,-110.9213648
863,1088,PLAZA LEY SAHUARO,CASA LEY,HERMOSILLO,SONORA,,,,"29.0963841,-111.0025623",29.0963841,-111.0025623
864,1089,LEY BOULEVARD,CASA LEY,HERMOSILLO,SONORA,,,,"29.0849742,-110.9550857",29.0849742,-110.9550857
865,1090,LEY CENTRO,CASA LEY,HERMOSILLO,SONORA,,,,"29.0795316,-110.95963",29.0795316,-110.95963
866,1091,LEY KINO,CASA LEY,HERMOSILLO,SONORA,,,,"29.0969629,-110.958477",29.0969629,-110.958477
867,1092,SUPER LEY BACHOCO,CASA LEY,HERMOSILLO,SONORA,,,,"29.1260722,-110.9713555",29.1260722,-110.9713555
868,1093,LEY EXPRESS VIRREYES,CASA LEY,HERMOSILLO,SONORA,,,,"29.126424,-111.0067493",29.126424,-111.0067493
869,1094,LEY HUATABAMPO,CASA LEY,HUATABAMPO,SONORA,,,,"26.8411005,-109.6498146",26.8411005,-109.6498146
870,1095,LEY PLAZA DEL MAYO,CASA LEY,NAVOJOA,SONORA,,,,"27.0691109,-109.4615384",27.0691109,-109.4615384
871,1096,LEY AVIACIÓN,CASA LEY,NAVOJOA,SONORA,,,,"27.0747304,-109.4431217",27.0747304,-109.4431217
872,1097,SUPER LEY NOGALES,CASA LEY,NOGALES,SONORA,,,,"27.0748214,-109.4693864",27.0748214,-109.4693864
873,1098,LEY EL GRECO,CASA LEY,NOGALES,SONORA,,,,"31.2917861,-110.938301",31.2917861,-110.938301
874,1099,LEY SAN MIGUEL,CASA LEY,NOGALES,SONORA,,,,"31.2752076,-110.9385189",31.2752076,-110.9385189
875,1100,LEY CAJEME,CASA LEY,CD. OBREGÓN,SONORA,,,,"27.490704,-109.9384872",27.490704,-109.9384872
876,1101,LEY PLAZA OBREGON,CASA LEY,CD. OBREGÓN,SONORA,,,,"27.4875787,-109.942973",27.4875787,-109.942973
877,1102,LEY CALIFORNIA,CASA LEY,CD. OBREGÓN,SONORA,,,,"27.4825104,-109.9450531",27.4825104,-109.9450531
878,1103,LEY EXPRESS VILLA CALIFORNIA,CASA LEY,CD. OBREGÓN,SONORA,,,,"27.4825521,-109.960374",27.4825521,-109.960374
879,1104,LEY EXPRESS BOURLAUG,CASA LEY,CD. OBREGÓN,SONORA,,,,"27.4452833,-109.9332011",27.4452833,-109.9332011
880,1105,LEY EXPRESS VILLAS DEL REY,CASA LEY,CD. OBREGÓN,SONORA,,,,"27.4860321,-109.9910899",27.4860321,-109.9910899
881,1106,LEY EXPRESS MIRAVALLE,CASA LEY,CD. OBREGÓN,SONORA,,,,"27.4542934,-109.9322999",27.4542934,-109.9322999
882,1107,SUPER LEY EXPRESS PARIS,CASA LEY,CD. OBREGÓN,SONORA,,,,"27.4687985,-109.9623853",27.4687985,-109.9623853
883,1108,SUPER LEY PUERTO PEÑASCO,CASA LEY,PUERTO PEÑASCO,SONORA,,,,"31.3259672,-113.5485208",31.3259672,-113.5485208
884,1109,LEY SAN LUIS RÍO COLORADO,CASA LEY,SAN LUIS RÍO COLORADO,SONORA,,,,"32.4545599,-114.8032038",32.4545599,-114.8032038
885,1110,SÚPER LEY EXPRESS LA HERRADURA,CASA LEY,SAN LUIS RÍO COLORADO,SONORA,,,,"32.4427496,-114.7705799",32.4427496,-114.7705799
886,1111,SÚPER LEY EXPRESS REVOLUCIÓN,CASA LEY,SAN LUIS RÍO COLORADO,SONORA,,,,"32.4716718,-114.7804687",32.4716718,-114.7804687
887,1112,SÚPER LEY EXPRESS SONOYTA,CASA LEY,SONOYTA,SONORA,,,,"31.8644127,-112.8640533",31.8644127,-112.8640533
888,1113,LEY ENSENADA,CASA LEY,ENSENADA,BAJA CALIFORNIA,,,,"31.877895,-116.6198023",31.877895,-116.6198023
889,1114,LEY PÓRTICOS,CASA LEY,ENSENADA,BAJA CALIFORNIA,,,,"31.7867917,-116.5949671",31.7867917,-116.5949671
890,1115,LEY PLAZA NUEVO MEXICALI,CASA LEY,MEXICALI,BAJA CALIFORNIA,,,,"32.6115872,-115.3940119",32.6115872,-115.3940119
891,1116,LEY PUEBLO NUEVO,CASA LEY,MEXICALI,BAJA CALIFORNIA,,,,"32.6447379,-115.5051668",32.6447379,-115.5051668
892,1117,LEY PLAZA CACHANILLA,CASA LEY,MEXICALI,BAJA CALIFORNIA,,,,"32.6595563,-115.4805521",32.6595563,-115.4805521
893,1118,LEY PERIFÉRICO,CASA LEY,MEXICALI,BAJA CALIFORNIA,,,,"32.638686,-115.41731",32.638686,-115.41731
894,1119,LEY VILLAFONTANA,CASA LEY,MEXICALI,BAJA CALIFORNIA,,,,"32.6226615,-115.4951423",32.6226615,-115.4951423
895,1120,LEY INDEPENDENCIA,CASA LEY,MEXICALI,BAJA CALIFORNIA,,,,"32.6381414,-115.459252",32.6381414,-115.459252
896,1121,LEY EXPRESS GUADALUPE VICTORIA,CASA LEY,MEXICALI,BAJA CALIFORNIA,,,,"32.2919662,-115.0963484",32.2919662,-115.0963484
897,1122,LEY EXPRESS CASA DIGNA,CASA LEY,MEXICALI,BAJA CALIFORNIA,,,,"32.6005833,-115.5087116",32.6005833,-115.5087116
898,1123,SUPER LEY EXPRESS LA CONDESA,CASA LEY,MEXICALI,BAJA CALIFORNIA,,,,"32.5962186,-115.3536175",32.5962186,-115.3536175
899,1124,SUPER LEY ORIZABA,CASA LEY,MEXICALI,BAJA CALIFORNIA,,,,"32.6480974,-115.534765",32.6480974,-115.534765
900,1125,SUPER LEY TECATE,CASA LEY,TECATE,BAJA CALIFORNIA,,,,"32.5666728,-116.6313099",32.5666728,-116.6313099
901,1126,LEY EXPRESS LA GLORIA,CASA LEY,TIJUANA,BAJA CALIFORNIA,,,,"32.4456383,-117.0110377",32.4456383,-117.0110377
902,1127,LEY OTAY,CASA LEY,TIJUANA,BAJA CALIFORNIA,,,,"32.5329596,-116.955853",32.5329596,-116.955853
903,1128,LEY CASA BLANCA,CASA LEY,TIJUANA,BAJA CALIFORNIA,,,,"32.5023349,-116.8960513",32.5023349,-116.8960513
904,1129,SUPER LEY CINCO Y DIEZ,CASA LEY,TIJUANA,BAJA CALIFORNIA,,,,"32.4964426,-116.9694114",32.4964426,-116.9694114
905,1130,LEY PLAZA EL DORADO,CASA LEY,TIJUANA,BAJA CALIFORNIA,,,,"32.4973407,-116.8688944",32.4973407,-116.8688944
906,1131,SUPER LEY SANTA ANITA,CASA LEY,TIJUANA,BAJA CALIFORNIA,,,,"32.5377275,-116.9054726",32.5377275,-116.9054726
907,1132,LEY SENDERO TIJUANA,CASA LEY,TIJUANA,BAJA CALIFORNIA,,,,"32.4552935,-116.8423445",32.4552935,-116.8423445
908,1133,LEY EXPRESS AURORAS,CASA LEY,CABO SAN LUCAS,BAJA CALIFORNIA SUR,,,,"22.8913181,-109.9433042",22.8913181,-109.9433042
909,1134,"LEY EXPRESS MESA
COLORADA",CASA LEY,LOS CABOS,BAJA CALIFORNIA SUR,,,,"22.8913132,-109.9411102",22.8913132,-109.9411102
910,1135,SUPER LEY COMONDU,CASA LEY,CD. CONSTITUCIÓN,BAJA CALIFORNIA SUR,,,,"22.8913567,-109.9564794",22.8913567,-109.9564794
911,1136,LEY EXPRESS INSURGENTES,CASA LEY,CD. INSURGENTES,BAJA CALIFORNIA SUR,,,,"22.8913567,-109.9564794",22.8913567,-109.9564794
912,1137,LEY LA PAZ,CASA LEY,LA PAZ,BAJA CALIFORNIA SUR,,,,"24.1076118,-110.3451937",24.1076118,-110.3451937
913,1138,LEY EXPRESS MIRAMAR,CASA LEY,LA PAZ,BAJA CALIFORNIA SUR,,,,"24.0893402,-110.3342074",24.0893402,-110.3342074
914,1139,LEY EXPRESS LOMALINDA,CASA LEY,LA PAZ,BAJA CALIFORNIA SUR,,,,"24.1450827,-110.2874405",24.1450827,-110.2874405
915,1140,LEY 5 DE MAYO,CASA LEY,LA PAZ,BAJA CALIFORNIA SUR,,,,"24.1579485,-110.3085137",24.1579485,-110.3085137
916,1141,LEY EXPRESS VISTA HERMOSA,CASA LEY,SAN JOSÉ DEL CABO,BAJA CALIFORNIA SUR,,,,"23.0998605,-109.7311558",23.0998605,-109.7311558
917,1142,LEY EXPRESS LORETO,CASA LEY,LORETO,BAJA CALIFORNIA SUR,,,,"26.0120558,-111.3499077",26.0120558,-111.3499077
918,1143,LEY SANTA ROSALÍA,CASA LEY,SANTA ROSALÍA,BAJA CALIFORNIA SUR,,,,"27.3438996,-112.2716565",27.3438996,-112.2716565
924,1149,LEY JUVENTUD,CASA LEY,DURANGO,DURANGO,,,,"24.0302325,-104.631146",24.0302325,-104.631146
925,1150,LEY EXPRESS FIDEL VELÁZQUEZ,CASA LEY,DURANGO,DURANGO,,,,"24.0591153,-104.6007307",24.0591153,-104.6007307
926,1151,LEY JABONERA,CASA LEY,GÓMEZ PALACIO,DURANGO,,,,"25.5746746,-103.4993273",25.5746746,-103.4993273
927,1152,LEY EXPRESS CHAPALA,CASA LEY,GÓMEZ PALACIO,DURANGO,,,,"25.5860352,-103.5279049",25.5860352,-103.5279049
